City_ID,City,Lat,Lng,Max Temp,Humidity,Cloudiness,Wind Speed,Country,Date
0,shostka,51.863,33.4698,2.91,71,92,3.49,UA,2023-05-08 23:26:49
1,sitka,57.0531,-135.33,8.94,71,100,4.63,US,2023-05-08 23:20:13
2,tiksi,71.6872,128.8694,-9.16,82,92,6.64,RU,2023-05-08 23:20:56
3,auki,-8.7676,160.7034,29.21,74,44,1.08,SB,2023-05-08 23:23:24
4,tolanaro,-25.0319,46.9987,23.04,88,20,5.14,MG,2023-05-08 23:22:13
5,waitangi,-43.9535,-176.5597,16.01,95,100,4.47,NZ,2023-05-08 23:21:49
6,bodo,67.28,14.405,9.02,59,0,6.17,NO,2023-05-08 23:23:14
7,utrik,11.2278,169.8474,26.89,84,100,8.57,MH,2023-05-08 23:22:34
8,bredasdorp,-34.5322,20.0403,12.85,93,25,0.97,ZA,2023-05-08 23:20:59
9,adamstown,-25.066,-130.1015,21.58,56,100,5.94,PN,2023-05-08 23:22:33
10,bayanhongor,46.7167,100.1167,-5.48,91,84,1.63,MN,2023-05-08 23:22:20
11,maloye ganyushkino,46.6,49.2667,12.23,58,66,9.69,KZ,2023-05-08 23:26:51
12,palmas,-10.2128,-48.3603,27.93,74,20,2.57,BR,2023-05-08 23:26:51
13,puerto baquerizo moreno,-0.9,-89.6,26.39,86,52,5.12,EC,2023-05-08 23:22:52
14,okha,53.5739,142.9478,1.28,84,99,5.53,RU,2023-05-08 23:26:52
15,port mathurin,-19.6833,63.4167,25.65,74,64,9.51,MU,2023-05-08 23:18:27
16,peniche,39.3558,-9.3811,18.49,85,72,5.42,PT,2023-05-08 23:26:52
17,college,64.8569,-147.8028,11.99,42,75,2.57,US,2023-05-08 23:22:31
18,salug,8.1147,122.7833,27.58,81,100,1.1,PH,2023-05-08 23:26:53
19,port elizabeth,-33.918,25.5701,18.51,89,0,2.68,ZA,2023-05-08 23:22:55
20,remire-montjoly,4.9167,-52.2667,25.02,94,75,1.54,GF,2023-05-08 23:21:22
21,thompson,55.7435,-97.8558,21.09,28,75,3.09,CA,2023-05-08 23:23:00
22,santa elena de uairen,4.6167,-61.1333,21.24,88,99,0.98,VE,2023-05-08 23:21:55
23,blackmans bay,-43.0167,147.3167,13.74,69,93,6.17,AU,2023-05-08 23:22:39
24,papatowai,-46.5619,169.4708,14.14,90,97,5.47,NZ,2023-05-08 23:23:00
25,birao,10.2849,22.7882,30.25,33,24,1.12,CF,2023-05-08 23:26:54
26,ashburton,-37.8626,145.0794,12.55,89,100,0.45,AU,2023-05-08 23:26:54
27,albany,42.6001,-73.9662,18.1,33,37,3.13,US,2023-05-08 23:21:50
28,anloga,5.7947,0.8973,28.68,75,27,4.62,GH,2023-05-08 23:26:55
29,tahoua,14.8888,5.2692,28.6,13,52,0.96,NE,2023-05-08 23:26:55
30,bilibino,68.0546,166.4372,-2.57,80,100,1.89,RU,2023-05-08 23:22:49
31,uturoa,-16.7333,-151.4333,27.65,74,40,3.75,PF,2023-05-08 23:23:11
32,dudinka,69.4058,86.1778,-8.51,97,83,2.08,RU,2023-05-08 23:22:26
33,dunedin,-45.8742,170.5036,17.26,57,100,3.85,NZ,2023-05-08 23:18:28
34,susuman,62.7833,148.1667,1.4,80,74,0.74,RU,2023-05-08 23:22:54
35,tazovsky,67.4667,78.7,-10.51,90,99,11.82,RU,2023-05-08 23:22:31
36,port-aux-francais,-49.35,70.2167,6.09,96,100,20.62,TF,2023-05-08 23:20:56
37,nova sintra,14.8667,-24.7167,20.48,80,0,8.19,CV,2023-05-08 23:21:18
38,wailua homesteads,22.0669,-159.378,28.24,70,75,7.72,US,2023-05-08 23:18:43
39,kirawsk,53.2686,29.4736,2.4,62,9,2.56,BY,2023-05-08 23:26:57
40,afaahiti,-17.75,-149.2833,28.93,75,63,3.04,PF,2023-05-08 23:21:26
41,perm,58.0174,56.2855,-2.3,69,0,3.0,RU,2023-05-08 23:26:57
42,vilyuchinsk,52.9306,158.4028,5.15,86,100,8.36,RU,2023-05-08 23:22:40
43,hermanus,-34.4187,19.2345,16.0,87,14,1.38,ZA,2023-05-08 23:21:41
44,taloda,21.5667,74.2167,28.63,59,1,4.22,IN,2023-05-08 23:26:57
45,cidade velha,14.9167,-23.6167,23.26,78,20,7.72,CV,2023-05-08 23:26:58
46,ust-nera,64.5667,143.2,0.41,60,96,1.98,RU,2023-05-08 23:22:46
47,viedma,-40.8135,-62.9967,10.07,65,1,0.88,AR,2023-05-08 23:24:16
48,avarua,-21.2078,-159.775,27.03,83,20,7.2,CK,2023-05-08 23:22:59
49,saipan,15.1355,145.701,30.39,70,20,5.66,MP,2023-05-08 23:23:11
50,grytviken,-54.2811,-36.5092,-0.34,71,10,3.36,GS,2023-05-08 23:22:26
51,la gi,10.6667,107.7833,27.23,84,100,1.38,VN,2023-05-08 23:26:58
52,talnakh,69.4865,88.3972,-3.27,97,100,0.66,RU,2023-05-08 23:20:05
53,boysun,38.2061,67.1986,12.29,50,1,2.04,UZ,2023-05-08 23:26:59
54,qaqortoq,60.7167,-46.0333,1.36,86,92,1.25,GL,2023-05-08 23:18:50
55,pokhara,28.2333,83.9833,19.87,33,0,3.56,NP,2023-05-08 23:26:38
56,holtville,32.8112,-115.3803,32.93,15,0,5.14,US,2023-05-08 23:26:59
57,nova granada,-20.5339,-49.3142,26.14,63,37,2.1,BR,2023-05-08 23:26:59
58,kampene,-3.6,26.6667,20.57,99,100,0.78,CD,2023-05-08 23:27:00
59,longyearbyen,78.2186,15.6401,-2.09,86,75,1.54,SJ,2023-05-08 23:22:27
60,port alfred,-33.5906,26.891,17.45,86,92,3.58,ZA,2023-05-08 23:18:58
61,nyurba,63.2842,118.3319,-1.8,82,98,4.12,RU,2023-05-08 23:27:00
62,west island,-12.1568,96.8225,26.99,94,57,2.06,CC,2023-05-08 23:23:31
63,majene,-3.5403,118.9707,24.95,93,100,1.42,ID,2023-05-08 23:27:00
64,puerto aysen,-45.4,-72.7,6.68,98,100,1.94,CL,2023-05-08 23:27:01
65,flying fish cove,-10.4217,105.6791,26.82,89,75,3.6,CX,2023-05-08 23:27:01
66,dapitan,8.6464,123.4208,27.61,78,87,1.25,PH,2023-05-08 23:27:01
67,homer,59.6425,-151.5483,6.0,61,100,4.47,US,2023-05-08 23:27:01
68,edinburgh of the seven seas,-37.0676,-12.3116,15.5,69,100,5.53,SH,2023-05-08 23:22:27
69,agat village,13.3886,144.6585,30.06,75,40,5.14,GU,2023-05-08 23:27:02
70,sandnessjoen,66.0217,12.6316,8.69,54,100,0.45,NO,2023-05-08 23:22:34
71,severodvinsk,64.5635,39.8302,2.43,96,100,2.75,RU,2023-05-08 23:25:04
72,tionk essil,12.7856,-16.5217,27.03,64,69,1.61,SN,2023-05-08 23:27:02
73,fale old settlement,-9.3852,-171.2468,29.3,74,5,6.14,TK,2023-05-08 23:22:47
74,partizansk,43.1258,133.1339,12.69,37,0,2.62,RU,2023-05-08 23:27:03
75,sambava,-14.2667,50.1667,22.39,87,7,3.63,MG,2023-05-08 23:27:03
76,jamestown,42.097,-79.2353,17.51,48,0,3.6,US,2023-05-08 23:22:56
77,mazar-e sharif,36.709,67.1109,18.72,32,0,2.08,AF,2023-05-08 23:27:04
78,grafton,42.207,-71.6856,19.91,31,32,3.34,US,2023-05-08 23:27:04
79,brezina,33.0989,1.2608,19.91,37,37,6.28,DZ,2023-05-08 23:23:09
80,puerto ayora,-0.7393,-90.3518,27.53,92,70,2.24,EC,2023-05-08 23:22:26
81,maralal,1.0968,36.698,14.6,89,62,2.5,KE,2023-05-08 23:27:04
82,narasannapeta,18.4167,84.05,28.24,84,33,2.43,IN,2023-05-08 23:27:05
83,nizhneudinsk,54.9076,99.0276,10.27,63,3,1.53,RU,2023-05-08 23:27:05
84,barguzin,53.6167,109.6167,9.59,55,5,1.22,RU,2023-05-08 23:27:05
85,al ghayzah,16.2079,52.176,26.53,62,1,0.68,YE,2023-05-08 23:24:37
86,bethel,41.3712,-73.414,22.2,37,0,2.57,US,2023-05-08 23:21:12
87,mutki,38.4094,41.9186,9.41,71,61,0.48,TR,2023-05-08 23:27:06
88,atafu village,-8.5421,-172.5159,29.21,75,8,5.92,TK,2023-05-08 23:22:40
89,whitburn,54.9533,-1.3686,13.97,92,99,3.7,GB,2023-05-08 23:27:06
90,kodiak,57.79,-152.4072,2.73,93,100,14.4,US,2023-05-08 23:21:20
91,mymensingh,24.75,90.4,25.72,33,0,3.45,BD,2023-05-08 23:27:06
92,messias,-9.3833,-35.8417,24.84,88,20,0.51,BR,2023-05-08 23:27:07
93,olonkinbyen,70.9221,-8.7187,2.0,99,100,1.57,SJ,2023-05-08 23:22:46
94,nabire,-3.3667,135.4833,27.31,81,88,0.47,ID,2023-05-08 23:22:43
95,greymouth,-42.4667,171.2,15.78,95,100,5.35,NZ,2023-05-08 23:22:41
96,hasaki,35.7333,140.8333,14.56,58,100,8.55,JP,2023-05-08 23:18:56
97,buurhakaba,2.8026,44.0781,24.14,83,9,5.29,SO,2023-05-08 23:27:08
98,thinadhoo,0.5333,72.9333,27.99,74,54,5.0,MV,2023-05-08 23:22:34
99,saint-joseph,-21.3667,55.6167,23.21,81,91,3.73,RE,2023-05-08 23:27:08
100,vadso,70.0744,29.7487,2.49,80,75,3.6,NO,2023-05-08 23:24:34
101,lat yao,15.751,99.7893,26.99,70,97,2.28,TH,2023-05-08 23:27:09
102,touros,-5.1989,-35.4608,26.42,79,55,5.67,BR,2023-05-08 23:23:38
103,turinskaya sloboda,57.6232,64.3858,0.02,57,0,2.23,RU,2023-05-08 23:27:09
104,iqaluit,63.7506,-68.5145,-4.61,73,20,7.72,CA,2023-05-08 23:18:24
105,magadan,59.5667,150.8,2.47,80,35,2.62,RU,2023-05-08 23:24:24
106,puerto natales,-51.7236,-72.4875,7.1,80,97,4.32,CL,2023-05-08 23:21:04
107,diglur,18.55,77.6,29.6,56,42,3.65,IN,2023-05-08 23:27:10
108,port augusta,-32.5,137.7667,12.92,70,0,1.73,AU,2023-05-08 23:22:25
109,camargo,27.6667,-105.1667,32.9,4,0,3.88,MX,2023-05-08 23:27:10
110,quellon,-43.1167,-73.6167,9.14,93,100,2.57,CL,2023-05-08 23:27:10
111,kone,-21.0595,164.8658,25.43,67,98,1.9,NC,2023-05-08 23:27:10
112,zhizdra,53.746,34.7395,0.93,77,18,1.56,RU,2023-05-08 23:27:11
113,yellowknife,62.456,-114.3525,14.29,47,75,5.14,CA,2023-05-08 23:20:26
114,salvador,13.8333,-88.9167,28.02,50,32,3.5,SV,2023-05-08 23:27:11
115,nemuro,43.3236,145.575,4.09,81,5,5.72,JP,2023-05-08 23:22:58
116,kenora,49.8167,-94.4337,11.54,87,100,3.6,CA,2023-05-08 23:25:13
117,geraldton,-28.7667,114.6,18.23,55,40,2.57,AU,2023-05-08 23:27:11
118,hawaiian paradise park,19.5933,-154.9731,26.73,71,40,3.6,US,2023-05-08 23:18:45
119,qamdo,31.1667,97.2333,0.39,61,67,2.46,CN,2023-05-08 23:27:12
120,chelak,39.9203,66.8611,13.42,41,0,2.83,UZ,2023-05-08 23:27:12
121,ushuaia,-54.8,-68.3,8.81,57,75,6.17,AR,2023-05-08 23:20:48
122,hilo,19.7297,-155.09,27.38,67,40,3.6,US,2023-05-08 23:22:32
123,la libertad,-2.2333,-80.9,28.81,89,0,2.57,EC,2023-05-08 23:27:13
124,alice springs,-23.7,133.8833,6.75,57,0,0.51,AU,2023-05-08 23:20:32
125,whitehorse,60.7161,-135.0538,12.23,27,20,7.15,CA,2023-05-08 23:18:58
126,debre tabor,11.85,38.0167,12.34,80,100,2.91,ET,2023-05-08 23:27:13
127,maceio,-9.6658,-35.7353,25.69,88,20,0.51,BR,2023-05-08 23:27:13
128,playa del ingles,27.7567,-15.5787,21.86,70,0,6.98,ES,2023-05-08 23:27:14
129,harper,4.375,-7.7169,27.23,84,46,3.42,LR,2023-05-08 23:27:14
130,idri,27.5,13.2667,27.21,13,43,4.03,LY,2023-05-08 23:27:14
131,muromtsevo,56.3724,75.2418,8.52,40,100,2.35,RU,2023-05-08 23:27:15
132,margaret river,-33.95,115.0667,17.35,51,99,6.35,AU,2023-05-08 23:19:38
133,fort abbas,29.1925,72.8536,26.72,30,0,3.74,PK,2023-05-08 23:27:15
134,invercargill,-46.4,168.35,12.19,90,71,3.26,NZ,2023-05-08 23:22:43
135,chantada,42.6088,-7.7712,15.39,90,97,1.5,ES,2023-05-08 23:27:16
136,la passe,45.5549,-0.8967,14.13,83,100,2.68,FR,2023-05-08 23:19:44
137,upington,-28.4478,21.2561,14.21,35,0,1.54,ZA,2023-05-08 23:27:16
138,kodinsk,58.6881,99.1844,9.33,74,38,2.4,RU,2023-05-08 23:27:17
139,lihue,21.9789,-159.3672,28.58,70,75,7.72,US,2023-05-08 23:22:29
140,alofi,-19.0595,-169.9187,28.94,74,40,3.6,NU,2023-05-08 23:22:55
141,malango,-2.9627,119.9001,20.07,98,100,1.05,ID,2023-05-08 23:23:29
142,yuzhno-kurilsk,44.0306,145.8556,4.73,78,7,4.59,RU,2023-05-08 23:23:52
143,nantucket,41.2835,-70.0995,18.08,74,0,3.6,US,2023-05-08 23:27:18
144,ilulissat,69.2167,-51.1,-0.99,86,100,2.57,GL,2023-05-08 23:18:43
145,san patricio,28.017,-97.5169,29.05,63,60,7.1,US,2023-05-08 23:27:18
146,coquimbo,-29.9533,-71.3436,12.85,100,20,1.54,CL,2023-05-08 23:23:16
147,baiculesti,45.0667,24.7,7.48,98,100,0.34,RO,2023-05-08 23:27:19
148,daru,-9.0763,143.2092,26.39,89,100,7.39,PG,2023-05-08 23:19:59
149,kirensk,57.7853,108.1119,7.85,84,51,2.79,RU,2023-05-08 23:27:19
150,kununurra,-15.7667,128.7333,20.99,28,12,5.66,AU,2023-05-08 23:27:19
151,mahdia,35.5047,11.0622,17.97,84,100,7.52,TN,2023-05-08 23:22:48
152,georgetown,5.4112,100.3354,27.96,92,20,1.03,MY,2023-05-08 23:17:56
153,revda,56.801,59.9303,-1.98,73,7,1.21,RU,2023-05-08 23:22:51
154,arno,60.1167,18.6333,5.99,59,73,4.92,SE,2023-05-08 23:25:26
155,namie,37.4833,141.0,13.73,62,84,1.4,JP,2023-05-08 23:27:20
156,akrehamn,59.2667,5.1833,13.45,58,75,8.75,NO,2023-05-08 23:27:20
157,chebba,35.2372,11.115,17.76,80,97,10.05,TN,2023-05-08 23:27:21
158,aldinga beach,-35.2793,138.4604,14.55,77,25,2.9,AU,2023-05-08 23:27:21
159,newport,51.5877,-2.9984,13.71,95,100,2.84,GB,2023-05-08 23:27:21
160,polyarnyy,69.1989,33.4478,1.16,94,100,5.0,RU,2023-05-08 23:27:22
161,forster,-32.1667,152.5167,17.3,54,76,2.24,AU,2023-05-08 23:23:55
162,tralee,52.2704,-9.7026,9.77,96,11,2.17,IE,2023-05-08 23:23:16
163,labrador city,52.9463,-66.9114,0.95,51,75,4.12,CA,2023-05-08 23:27:22
164,arraial do cabo,-22.9661,-42.0278,22.98,94,0,6.17,BR,2023-05-08 23:23:30
165,stupino,54.9008,38.0708,1.04,73,18,1.38,RU,2023-05-08 23:27:22
166,ribeira grande,38.5167,-28.7,15.99,94,99,1.34,PT,2023-05-08 23:22:30
167,kristiansund,63.1115,7.732,12.36,50,75,1.54,NO,2023-05-08 23:27:23
168,whangarei,-35.7317,174.3239,18.93,97,100,5.43,NZ,2023-05-08 23:27:23
169,birzebbuga,35.8258,14.5269,17.38,94,20,5.14,MT,2023-05-08 23:27:23
170,lebu,-37.6167,-73.65,10.08,79,99,6.09,CL,2023-05-08 23:17:37
171,bani mazar,28.5036,30.8004,20.12,54,0,6.38,EG,2023-05-08 23:27:24
172,tekman,39.6436,41.5078,4.95,93,81,1.05,TR,2023-05-08 23:27:24
173,santa cruz,-17.8,-63.1667,20.03,77,75,3.6,BO,2023-05-08 23:24:00
174,matoury,4.8483,-52.3317,24.98,94,75,1.54,GF,2023-05-08 23:27:24
175,nar'yan-mar,67.6713,53.087,-0.42,84,100,6.91,RU,2023-05-08 23:22:54
176,yaren,-0.5472,166.916,28.59,77,100,4.26,NR,2023-05-08 23:24:28
177,hamilton,39.1834,-84.5333,24.97,67,75,4.12,US,2023-05-08 23:23:31
178,urzhar,47.093,81.6294,11.64,54,1,2.09,KZ,2023-05-08 23:24:33
179,wodonga,-36.1167,146.8833,10.15,81,13,1.26,AU,2023-05-08 23:22:35
180,leer,53.2316,7.461,15.53,97,100,3.48,DE,2023-05-08 23:27:26
181,clarksburg,39.2807,-80.3445,23.25,61,100,3.09,US,2023-05-08 23:22:36
182,enewetak,11.3474,162.3373,27.44,80,100,7.41,MH,2023-05-08 23:22:35
183,phang nga,8.4509,98.5298,26.02,91,100,0.73,TH,2023-05-08 23:27:26
184,wynyard,-41.0,145.7167,11.66,78,100,4.41,AU,2023-05-08 23:27:27
185,saquarema,-22.92,-42.5103,23.08,89,14,5.18,BR,2023-05-08 23:27:27
186,soata,6.3337,-72.6828,19.06,82,100,1.09,CO,2023-05-08 23:27:27
187,pelplin,53.9283,18.6977,4.73,70,10,2.68,PL,2023-05-08 23:27:27
188,zeya,53.75,127.2667,2.63,67,100,5.81,RU,2023-05-08 23:27:27
189,lakatoro,-16.0999,167.4164,27.99,71,21,2.09,VU,2023-05-08 23:27:28
190,nuriootpa,-34.4833,139.0,9.75,82,63,2.18,AU,2023-05-08 23:27:28
191,kisangani,0.5167,25.2,22.29,94,99,0.97,CD,2023-05-08 23:27:28
192,punta arenas,-53.15,-70.9167,7.06,76,75,5.66,CL,2023-05-08 23:22:45
193,lompoc,34.6391,-120.4579,23.34,72,20,12.52,US,2023-05-08 23:21:52
194,isafjordur,66.0755,-23.124,4.99,94,91,2.76,IS,2023-05-08 23:22:58
195,colonia,50.9333,6.95,16.57,85,75,2.06,DE,2023-05-08 23:21:47
196,aasiaat,68.7098,-52.8699,-2.83,81,100,4.99,GL,2023-05-08 23:22:50
197,port-saint-louis-du-rhone,43.3833,4.8,19.13,63,0,4.12,FR,2023-05-08 23:27:29
198,wotho,10.1657,166.0102,27.39,83,100,7.8,MH,2023-05-08 23:27:30
199,tsiombe,-25.3,45.4833,20.91,95,14,1.9,MG,2023-05-08 23:22:52
200,constantia,44.1833,28.65,9.38,88,100,4.88,RO,2023-05-08 23:22:59
201,petropavlovsk-kamchatsky,53.0452,158.6483,4.33,60,75,5.0,RU,2023-05-08 23:18:35
202,praia da vitoria,38.7333,-27.0667,17.14,94,75,0.78,PT,2023-05-08 23:23:07
203,chinde,26.8418,88.0763,20.17,51,0,2.4,NP,2023-05-08 23:27:31
204,rizokarpaso,35.6,34.375,18.03,77,2,2.1,CY,2023-05-08 23:27:31
205,rosarito,32.3333,-117.0333,22.04,69,9,5.64,MX,2023-05-08 23:27:31
206,bandar-e lengeh,26.5579,54.8807,28.4,34,6,1.02,IR,2023-05-08 23:27:31
207,mount pearl,47.5166,-52.7813,6.09,93,100,9.77,CA,2023-05-08 23:20:09
208,khash,28.2211,61.2158,20.76,15,3,1.41,IR,2023-05-08 23:27:32
209,boyolangu,-8.1181,111.8935,24.74,94,100,1.52,ID,2023-05-08 23:27:32
210,kerikeri,-35.2268,173.9474,18.84,95,100,2.24,NZ,2023-05-08 23:23:57
211,ada,43.4166,-116.1262,16.83,49,0,3.58,US,2023-05-08 23:27:33
212,port lincoln,-34.7333,135.8667,14.28,76,31,2.28,AU,2023-05-08 23:24:30
213,pisco,-13.7,-76.2167,21.03,83,0,7.72,PE,2023-05-08 23:24:19
214,buon ma thuot,12.6667,108.05,22.42,93,100,0.58,VN,2023-05-08 23:27:33
215,usinsk,65.9939,57.5281,-0.18,98,100,7.79,RU,2023-05-08 23:27:33
216,pacific grove,36.6177,-121.9166,18.78,72,20,4.63,US,2023-05-08 23:21:00
217,howard springs,-12.497,131.047,23.79,59,49,5.53,AU,2023-05-08 23:22:41
218,trairi,-3.2778,-39.2689,26.07,84,17,2.99,BR,2023-05-08 23:27:34
219,labasa,-16.4167,179.3833,28.73,70,18,2.15,FJ,2023-05-08 23:27:34
220,kapoeta,4.7717,33.5903,25.84,60,92,2.85,SS,2023-05-08 23:25:31
221,onguday,50.75,86.15,7.03,80,5,1.04,RU,2023-05-08 23:27:35
222,gualeguay,-33.1416,-59.3097,14.3,66,0,2.9,AR,2023-05-08 23:27:35
223,tete,-16.1564,33.5867,16.05,94,0,0.0,MZ,2023-05-08 23:27:35
224,porto novo,6.4965,2.6036,27.9,80,57,3.37,BJ,2023-05-08 23:22:59
225,manicore,-5.8092,-61.3003,24.27,97,82,0.61,BR,2023-05-08 23:27:35
226,ierapetra,35.01,25.7353,17.86,47,69,1.34,GR,2023-05-08 23:27:35
227,point pedro,9.8167,80.2333,28.07,82,100,5.33,LK,2023-05-08 23:27:36
228,moussoro,13.6408,16.4901,32.01,13,40,4.68,TD,2023-05-08 23:27:36
229,stanley,54.868,-1.6985,12.38,95,20,1.03,GB,2023-05-08 23:18:28
230,inhambane,-23.865,35.3833,20.36,92,11,1.74,MZ,2023-05-08 23:27:36
231,northam,51.0333,-4.2167,12.56,98,100,3.51,GB,2023-05-08 23:24:29
232,vadu pasii,45.1667,26.9,7.53,84,100,6.62,RO,2023-05-08 23:27:37
233,el alto,-4.2714,-81.2147,26.81,77,18,7.57,PE,2023-05-08 23:27:37
234,tongliao,43.6125,122.2653,14.1,18,0,4.34,CN,2023-05-08 23:27:37
235,plainview,40.7765,-73.4673,24.26,40,0,4.12,US,2023-05-08 23:27:37
236,tual,-5.6667,132.75,27.69,80,100,5.82,ID,2023-05-08 23:27:37
237,kismayo,-0.3582,42.5454,26.69,83,11,5.73,SO,2023-05-08 23:27:38
238,santo antonio,-6.3106,-35.4789,22.7,91,47,2.99,BR,2023-05-08 23:27:38
239,macia,-25.0269,33.0989,18.8,96,77,2.97,MZ,2023-05-08 23:27:38
240,mar del plata,-38.0023,-57.5575,13.94,88,75,3.6,AR,2023-05-08 23:19:50
241,sterling,39.0062,-77.4286,27.0,53,40,4.12,US,2023-05-08 23:27:39
242,zhangzhou,24.5133,117.6556,19.96,86,97,1.28,CN,2023-05-08 23:27:39
243,al qitena,14.8648,32.3668,30.28,13,1,6.16,SD,2023-05-08 23:27:39
244,boca raton,26.3587,-80.0831,27.23,68,0,4.63,US,2023-05-08 23:26:52
245,castillos,-34.1667,-53.8333,13.29,79,1,2.77,UY,2023-05-08 23:23:50
246,kingston,17.997,-76.7936,28.53,81,40,8.75,JM,2023-05-08 23:19:26
247,torghay,49.6339,63.4981,13.7,49,98,5.15,KZ,2023-05-08 23:27:40
248,horta,38.5333,-28.6333,15.57,94,99,1.34,PT,2023-05-08 23:23:48
249,sao jose da coroa grande,-8.8978,-35.1478,25.74,81,12,2.4,BR,2023-05-08 23:27:41
250,east london,-33.0153,27.9116,17.52,82,76,3.91,ZA,2023-05-08 23:22:33
251,hithadhoo,-0.6,73.0833,28.09,74,59,4.57,MV,2023-05-08 23:22:37
252,bangassou,4.7413,22.8184,20.56,99,95,0.33,CF,2023-05-08 23:27:41
253,ain sefra,32.75,-0.5833,19.97,37,40,4.06,DZ,2023-05-08 23:27:41
254,quesnel,52.9999,-122.5029,18.28,29,0,4.12,CA,2023-05-08 23:25:11
255,punta cardon,11.6581,-70.215,27.14,79,33,13.89,VE,2023-05-08 23:27:42
256,maragogi,-9.0122,-35.2225,25.61,81,10,2.37,BR,2023-05-08 23:23:16
257,acarau,-2.8856,-40.12,26.18,85,25,3.92,BR,2023-05-08 23:24:26
258,itaunja,27.0833,80.9167,24.99,27,0,0.92,IN,2023-05-08 23:27:42
259,cao bang,22.6667,106.25,19.21,96,100,0.54,VN,2023-05-08 23:27:42
260,ha giang,22.8333,104.9833,22.74,99,100,1.11,VN,2023-05-08 23:27:42
261,new norfolk,-42.7826,147.0587,14.4,62,99,1.34,AU,2023-05-08 23:23:23
262,machico,32.7,-16.7667,22.35,53,20,8.23,PT,2023-05-08 23:27:43
263,timimoun,29.2639,0.231,25.21,13,0,3.09,DZ,2023-05-08 23:27:43
264,priozersk,61.0393,30.1291,6.64,88,94,3.8,RU,2023-05-08 23:27:43
265,gaspe,48.8334,-64.4819,6.12,42,40,6.17,CA,2023-05-08 23:27:44
266,hamlin,43.3031,-77.9211,18.19,42,82,2.13,US,2023-05-08 23:27:44
267,veauche,45.5625,4.2785,11.29,100,0,0.51,FR,2023-05-08 23:27:44
268,egilsstadir,65.2653,-14.3948,5.95,93,75,2.57,IS,2023-05-08 23:22:49
269,sabzevar,36.2126,57.6819,22.3,22,1,3.11,IR,2023-05-08 23:27:44
270,kenai,60.5544,-151.2583,8.05,75,100,4.63,US,2023-05-08 23:23:17
271,kushk,33.2957,61.9522,18.21,14,3,2.33,AF,2023-05-08 23:23:40
272,chonchi,-42.6128,-73.8092,8.4,85,100,0.48,CL,2023-05-08 23:23:49
273,bonthe,7.5264,-12.505,27.74,81,100,1.52,SL,2023-05-08 23:23:04
274,rong kwang,18.339,100.3174,28.02,91,100,0.8,TH,2023-05-08 23:27:45
275,hirara,24.8,125.2833,22.92,68,40,9.26,JP,2023-05-08 23:27:45
276,al hazm,16.1641,44.7769,27.31,21,33,0.21,YE,2023-05-08 23:27:46
277,ponta delgada,37.7333,-25.6667,17.4,100,75,0.51,PT,2023-05-08 23:22:37
278,glasgow,55.8652,-4.2576,11.84,89,99,0.51,GB,2023-05-08 23:24:57
279,namtsy,62.7161,129.6658,-4.84,58,10,3.31,RU,2023-05-08 23:27:46
280,es castell,39.8795,4.2854,16.38,94,0,3.09,ES,2023-05-08 23:27:46
281,enoch,37.7733,-113.0244,21.14,20,0,13.89,US,2023-05-08 23:27:46
282,saint-philippe,-21.3585,55.7679,23.77,81,96,4.13,RE,2023-05-08 23:22:48
283,port blair,11.6667,92.75,28.93,78,100,3.87,IN,2023-05-08 23:25:49
284,prey veng,11.4868,105.3253,27.93,75,100,2.17,KH,2023-05-08 23:27:47
285,farafangana,-22.8167,47.8333,21.41,89,8,0.77,MG,2023-05-08 23:27:47
286,port saint john's,-31.6229,29.5448,17.77,87,100,2.85,ZA,2023-05-08 23:22:43
287,nema,57.5067,50.5011,-0.43,78,6,1.33,RU,2023-05-08 23:22:32
288,galesong,-5.3166,119.3661,25.01,96,100,4.68,ID,2023-05-08 23:23:54
289,guerrero negro,27.9769,-114.0611,18.76,62,0,10.22,MX,2023-05-08 23:21:26
290,smidovich,48.6,133.8167,5.28,83,96,3.15,RU,2023-05-08 23:27:48
291,alvesta,56.8993,14.5556,7.15,65,0,2.57,SE,2023-05-08 23:27:48
292,labytnangi,66.6572,66.4183,-9.67,90,64,2.48,RU,2023-05-08 23:23:15
293,anadyr,64.75,177.4833,-2.72,92,100,7.0,RU,2023-05-08 23:19:17
294,anahuac,27.2333,-100.15,34.28,39,90,6.24,MX,2023-05-08 23:27:48
295,klyuchi,52.2667,79.1667,16.14,30,41,3.45,RU,2023-05-08 23:22:43
296,mombetsu,44.3525,143.3525,9.95,55,42,2.38,JP,2023-05-08 23:27:49
297,ghat,24.9647,10.1728,29.55,14,98,3.88,LY,2023-05-08 23:22:57
298,kalmunai,7.4167,81.8167,26.11,81,100,3.36,LK,2023-05-08 23:27:49
299,paradip garh,20.3167,86.6167,27.78,82,1,3.93,IN,2023-05-08 23:27:49
300,isla vista,34.4133,-119.861,23.77,58,0,5.14,US,2023-05-08 23:27:50
301,simanggang,1.2472,111.4528,22.99,100,80,1.03,MY,2023-05-08 23:23:55
302,vernon,50.2581,-119.2691,18.74,42,100,1.03,CA,2023-05-08 23:23:14
303,booue,-0.0921,11.9385,23.86,95,99,0.61,GA,2023-05-08 23:27:50
304,kirakira,-10.4544,161.9205,29.96,70,13,2.94,SB,2023-05-08 23:20:14
305,turpan,42.9333,89.1667,17.87,24,96,0.15,CN,2023-05-08 23:27:51
306,trenggalek,-8.05,111.7167,24.62,96,100,1.2,ID,2023-05-08 23:27:51
307,al jawf,29.5,38.75,20.52,33,5,5.19,SA,2023-05-08 23:27:51
308,itoman,26.1247,127.6694,23.01,70,20,7.72,JP,2023-05-08 23:22:45
309,calheta,32.7167,-17.1833,22.35,53,6,2.24,PT,2023-05-08 23:27:51
310,shemgang,27.2169,90.6579,10.18,91,21,2.21,BT,2023-05-08 23:27:51
311,katima mulilo,-17.5,24.2667,15.89,49,3,1.69,NA,2023-05-08 23:27:52
312,vorgashor,67.5833,63.95,-2.74,97,100,3.55,RU,2023-05-08 23:21:38
313,novoagansk,61.9449,76.6625,-2.66,63,58,7.17,RU,2023-05-08 23:27:52
314,newman,37.3138,-121.0208,25.19,47,16,1.75,US,2023-05-08 23:23:28
315,yantarnyy,54.8717,19.9381,6.53,74,8,4.72,RU,2023-05-08 23:27:52
316,contamana,-7.3333,-75.0167,23.57,99,59,1.23,PE,2023-05-08 23:27:53
317,hadibu,12.65,54.0333,28.23,69,92,0.14,YE,2023-05-08 23:27:53
318,mermoz boabab,14.7065,-17.4758,23.31,84,6,6.89,SN,2023-05-08 23:27:53
319,gokwe,-18.2048,28.9349,14.47,44,0,3.39,ZW,2023-05-08 23:27:53
320,hami,42.8,93.45,11.53,20,19,1.17,CN,2023-05-08 23:27:53
321,laojunmiao,39.8333,97.7333,4.79,49,12,2.89,CN,2023-05-08 23:27:53
322,mossel bay,-34.1831,22.146,12.96,82,10,2.32,ZA,2023-05-08 23:23:16
323,itaituba,-4.2761,-55.9836,28.09,83,40,0.0,BR,2023-05-08 23:23:17
324,shimoda,34.6667,138.95,15.2,60,87,7.71,JP,2023-05-08 23:27:54
325,sabang,5.8933,95.3214,27.32,76,100,7.34,ID,2023-05-08 23:27:54
326,calangute,15.5439,73.7553,27.83,82,100,2.26,IN,2023-05-08 23:27:54
327,escanaba,45.7453,-87.0646,16.95,39,0,3.09,US,2023-05-08 23:27:55
328,bechar,31.6167,-2.2167,26.18,14,0,2.06,DZ,2023-05-08 23:27:55
329,mont-laurier,46.5501,-75.4993,11.79,36,2,3.6,CA,2023-05-08 23:27:55
330,villa del totoral,-30.8167,-63.7167,16.16,48,0,1.6,AR,2023-05-08 23:27:55
331,cacequi,-29.8836,-54.825,14.78,78,0,2.45,BR,2023-05-08 23:27:55
332,aksu,41.1231,80.2644,11.82,26,8,1.37,CN,2023-05-08 23:27:56
333,elko,41.0002,-115.5012,17.01,22,51,8.94,US,2023-05-08 23:27:56
334,cannonvale,-20.2833,148.7,16.66,44,2,8.87,AU,2023-05-08 23:27:56
335,cidreira,-30.1811,-50.2056,17.9,78,33,3.61,BR,2023-05-08 23:27:56
336,tabou,4.423,-7.3528,27.28,84,47,3.3,CI,2023-05-08 23:22:51
337,zhaqsy,51.9083,67.3133,10.3,65,100,5.26,KZ,2023-05-08 23:27:56
338,aleksandrovskoye,44.7142,43.0008,8.13,95,100,2.14,RU,2023-05-08 23:27:57
339,santa barbara,34.7333,-120.0343,20.75,50,0,6.69,US,2023-05-08 23:24:32
340,iskateley,67.6803,53.1512,-0.49,84,100,6.87,RU,2023-05-08 23:22:50
341,veinticinco de mayo,-35.4323,-60.1727,13.57,62,0,2.92,AR,2023-05-08 23:27:57
342,haiku-pauwela,20.9219,-156.3051,29.01,45,20,9.26,US,2023-05-08 23:23:37
343,ancud,-41.8697,-73.8203,8.78,80,100,0.72,CL,2023-05-08 23:23:07
344,tadmur,34.5608,38.2805,17.78,55,1,2.75,SY,2023-05-08 23:23:01
345,pangody,65.85,74.4859,-10.11,89,100,10.65,RU,2023-05-08 23:27:58
346,smara,26.7384,-11.6719,23.46,47,0,3.54,EH,2023-05-08 23:27:58
347,howrah,22.5892,88.3103,31.0,74,20,1.54,IN,2023-05-08 23:27:58
348,emerald,-23.5333,148.1667,15.19,37,46,7.93,AU,2023-05-08 23:26:56
349,kailua-kona,19.6406,-155.9956,28.98,72,0,5.66,US,2023-05-08 23:22:52
350,plastun,44.7561,136.2939,10.94,39,17,3.87,RU,2023-05-08 23:27:59
351,hays,30.0502,-98.0336,31.92,62,35,3.13,US,2023-05-08 23:27:59
352,pathein,16.7833,94.7333,26.48,84,96,1.5,MM,2023-05-08 23:27:59
353,antsiranana,-12.2787,49.2917,24.01,79,1,5.05,MG,2023-05-08 23:23:03
354,wahpeton,46.2652,-96.6059,17.73,59,100,2.06,US,2023-05-08 23:28:00
355,rongelap,11.1635,166.8941,27.23,81,100,7.61,MH,2023-05-08 23:24:07
356,tianpeng,30.9866,103.9393,14.26,94,100,1.95,CN,2023-05-08 23:28:00
357,pendleton,45.6721,-118.7886,16.91,62,100,3.82,US,2023-05-08 23:28:01
358,oriximina,-1.7656,-55.8661,27.25,78,92,0.97,BR,2023-05-08 23:28:02
359,vila franca do campo,37.7167,-25.4333,17.23,91,100,0.61,PT,2023-05-08 23:23:43
360,tadine,-21.55,167.8833,25.12,67,96,4.81,NC,2023-05-08 23:28:02
361,sumenep,-7.0167,113.8667,26.66,83,100,1.98,ID,2023-05-08 23:28:03
362,gisborne,-38.6533,178.0042,19.25,68,82,3.61,NZ,2023-05-08 23:28:03
363,senador canedo,-16.7081,-49.0931,22.63,64,0,3.09,BR,2023-05-08 23:23:41
364,rostovka,55.3842,71.8891,7.86,41,100,3.07,RU,2023-05-08 23:28:04
365,shakiso,5.75,38.9167,15.68,99,90,0.39,ET,2023-05-08 23:28:04
366,codrington,-38.2667,141.9667,13.63,77,100,5.53,AU,2023-05-08 23:23:57
367,afif,23.9065,42.9172,26.28,14,78,3.95,SA,2023-05-08 23:28:04
368,muravlenko,63.7898,74.523,-6.66,72,95,11.6,RU,2023-05-08 23:23:40
369,vorkuta,67.5,64.0,-2.42,97,100,3.69,RU,2023-05-08 23:23:55
370,chos malal,-37.3781,-70.2709,16.42,19,80,0.98,AR,2023-05-08 23:24:24
371,sumbawanga,-7.9667,31.6167,12.93,86,18,0.95,TZ,2023-05-08 23:28:05
372,terenozek,45.05,64.9833,19.76,18,6,3.69,KZ,2023-05-08 23:28:05
373,azna,33.6095,48.9307,14.05,37,29,0.98,IR,2023-05-08 23:28:05
374,kruisfontein,-34.0033,24.7314,13.27,80,43,2.73,ZA,2023-05-08 23:28:06
375,holualoa,19.6228,-155.9522,26.91,73,0,5.66,US,2023-05-08 23:24:02
376,keflavik,64.0049,-22.5624,9.95,100,75,3.09,IS,2023-05-08 23:22:58
377,sabha,27.0377,14.4283,27.99,14,100,7.33,LY,2023-05-08 23:28:06
378,lubang,13.8584,120.124,28.78,70,100,0.51,PH,2023-05-08 23:28:06
379,pimentel,-6.8367,-79.9342,26.16,73,20,8.75,PE,2023-05-08 23:28:07
380,destin,30.3935,-86.4958,23.36,92,40,3.09,US,2023-05-08 23:28:07
381,bakanas,44.8081,76.2772,15.6,30,0,2.86,KZ,2023-05-08 23:28:07
382,luderitz,-26.6481,15.1594,15.67,58,0,4.29,NA,2023-05-08 23:23:18
383,granite city,38.7014,-90.1487,29.3,58,75,4.63,US,2023-05-08 23:27:37
384,selfoss,63.9331,-20.9971,10.02,95,100,1.96,IS,2023-05-08 23:24:10
385,tweed heads,-28.1817,153.547,18.89,39,0,4.63,AU,2023-05-08 23:28:08
386,dire dawa,9.5931,41.8661,22.0,61,46,1.39,ET,2023-05-08 23:28:08
387,kuraymah,18.55,31.85,25.44,15,0,5.68,SD,2023-05-08 23:28:08
388,brookings,44.3114,-96.7984,23.03,47,0,2.06,US,2023-05-08 23:28:03
389,armacao de buzios,-22.7469,-41.8817,25.03,83,19,8.29,BR,2023-05-08 23:23:53
390,buri ram,14.9943,103.1039,28.22,62,99,1.3,TH,2023-05-08 23:26:20
391,moravske budejovice,49.0521,15.8086,5.03,88,97,2.65,CZ,2023-05-08 23:28:09
392,fortuna,40.5982,-124.1573,16.51,60,20,1.54,US,2023-05-08 23:28:09
393,bamboo flat,11.7,92.7167,28.91,78,100,3.76,IN,2023-05-08 23:22:29
394,awjilah,29.1081,21.2869,22.64,25,25,3.95,LY,2023-05-08 23:28:10
395,harstad,68.799,16.5293,7.56,69,99,5.81,NO,2023-05-08 23:28:10
396,siwa oasis,29.2041,25.5195,21.29,44,37,5.5,EG,2023-05-08 23:28:10
397,miracema do tocantins,-9.5618,-48.3967,25.34,78,73,1.75,BR,2023-05-08 23:28:10
398,grand-bassam,5.2118,-3.7388,28.98,83,37,3.06,CI,2023-05-08 23:28:10
399,mili,6.0815,171.735,28.52,79,90,6.37,MH,2023-05-08 23:23:44
400,weno,7.4515,151.8468,28.97,84,40,2.06,FM,2023-05-08 23:21:11
401,brokopondo,4.75,-55.1667,25.2,90,95,3.05,SR,2023-05-08 23:28:11
402,dodge city,37.7528,-100.0171,30.14,21,0,8.75,US,2023-05-08 23:27:06
403,xilin hot,43.9667,116.0333,10.95,30,29,1.87,CN,2023-05-08 23:22:48
404,pajan,-1.5667,-80.4167,26.51,88,65,2.0,EC,2023-05-08 23:28:11
405,broome,42.2506,-75.833,15.93,49,52,3.79,US,2023-05-08 23:28:12
406,cadale,2.7603,46.3222,27.03,81,10,9.02,SO,2023-05-08 23:28:12
407,lundazi,-12.2929,33.1782,15.49,74,71,2.57,ZM,2023-05-08 23:28:12
408,mount gambier,-37.8333,140.7667,12.97,78,86,3.21,AU,2023-05-08 23:22:57
409,heunghae,36.1125,129.3522,15.1,54,0,2.64,KR,2023-05-08 23:28:13
410,cabo san lucas,22.8909,-109.9124,32.17,29,20,2.06,MX,2023-05-08 23:18:50
411,paraiso,9.8383,-83.8656,25.48,70,23,1.78,CR,2023-05-08 23:28:13
412,neryungri,56.6709,124.6491,-2.55,77,36,4.07,RU,2023-05-08 23:28:13
413,midvagur,62.0511,-7.1939,8.46,100,100,3.6,FO,2023-05-08 23:28:13
414,mugia,43.1041,-9.2179,17.87,98,100,4.48,ES,2023-05-08 23:23:12
415,krasnosilka,46.6226,30.7742,9.54,84,100,5.61,UA,2023-05-08 23:28:14
416,olyokminsk,60.3736,120.4264,1.75,73,94,2.13,RU,2023-05-08 23:22:47
417,tingo maria,-9.2895,-76.0088,21.6,98,42,0.57,PE,2023-05-08 23:28:15
418,qal'ah-ye shahr,35.5473,65.5676,7.49,48,0,2.54,AF,2023-05-08 23:28:15
419,kegeyli shahar,42.7767,59.6078,18.05,24,93,3.94,UZ,2023-05-08 23:28:15
420,strezhevoy,60.7333,77.5889,0.06,67,31,5.9,RU,2023-05-08 23:26:41
421,antofagasta,-23.65,-70.4,15.6,77,27,2.82,CL,2023-05-08 23:22:26
422,huayin,34.5675,110.0921,14.77,70,100,1.98,CN,2023-05-08 23:28:16
423,mumford,5.2618,-0.759,28.05,79,64,3.54,GH,2023-05-08 23:23:57
424,selkirk,50.1436,-96.8845,12.08,94,100,2.73,CA,2023-05-08 23:28:16
425,hotan,37.0997,79.9269,11.45,16,100,2.68,CN,2023-05-08 23:28:16
426,bridgetown,13.1,-59.6167,27.27,83,40,5.66,BB,2023-05-08 23:27:35
427,kaltungo,9.8142,11.3089,31.21,33,78,2.23,NG,2023-05-08 23:28:17
428,padang,-0.9492,100.3543,24.98,83,97,1.85,ID,2023-05-08 23:28:17
429,tyukalinsk,55.8732,72.1967,7.27,40,100,3.13,RU,2023-05-08 23:28:17
430,altamira,-3.2033,-52.2064,24.44,93,41,0.93,BR,2023-05-08 23:28:18
431,ezine,39.7856,26.3408,14.93,77,54,3.32,TR,2023-05-08 23:28:18
432,mocimboa,-11.3167,40.35,22.29,90,0,3.26,MZ,2023-05-08 23:28:18
433,badger,64.8,-147.5333,11.95,41,75,2.57,US,2023-05-08 23:22:27
434,north platte,41.1239,-100.7654,25.55,24,0,3.09,US,2023-05-08 23:28:18
435,cockburn town,21.4612,-71.1419,26.77,80,3,7.41,TC,2023-05-08 23:28:19
436,amga,60.8953,131.9608,-1.93,57,77,2.59,RU,2023-05-08 23:28:19
437,betioky,-23.7167,44.3833,21.47,62,71,1.86,MG,2023-05-08 23:28:19
438,aguas vermelhas,-15.7472,-41.46,20.67,72,63,2.53,BR,2023-05-08 23:28:19
439,santanyi,39.3546,3.1291,17.57,80,71,3.01,ES,2023-05-08 23:28:20
440,mountain home,43.133,-115.6912,16.75,37,75,5.66,US,2023-05-08 23:24:30
441,al mutayrifi,25.4788,49.5576,28.19,11,74,4.72,SA,2023-05-08 23:28:20
442,sogndal,61.2283,7.1003,12.21,53,100,1.03,NO,2023-05-08 23:28:20
443,senanga,-16.1167,23.2667,15.31,43,0,0.91,ZM,2023-05-08 23:28:20
444,standerton,-26.9337,29.2415,7.56,91,67,1.4,ZA,2023-05-08 23:28:21
445,kavaratti,10.5669,72.642,28.97,60,54,3.96,IN,2023-05-08 23:24:13
446,kapa'a,22.0752,-159.319,28.99,70,75,7.72,US,2023-05-08 23:23:42
447,krasnoye-na-volge,57.5125,41.2419,1.23,83,9,2.06,RU,2023-05-08 23:28:21
448,akureyri,65.6835,-18.0878,6.96,87,75,4.12,IS,2023-05-08 23:28:21
449,bandon,51.7469,-8.7425,11.77,94,50,2.38,IE,2023-05-08 23:28:22
450,san antonio de pale,-1.4014,5.6325,28.35,78,19,4.79,GQ,2023-05-08 23:22:53
451,badamdar,40.3394,49.8039,16.97,72,10,9.56,AZ,2023-05-08 23:28:22
452,nova olinda do norte,-3.8881,-59.0942,24.37,97,100,0.47,BR,2023-05-08 23:28:22
453,verkhnevilyuysk,63.4453,120.3167,-2.49,79,90,3.38,RU,2023-05-08 23:23:53
454,qurayyat,31.3318,37.3428,17.1,59,0,8.23,SA,2023-05-08 23:28:23
455,san juan del sur,11.2529,-85.8705,32.05,44,98,7.63,NI,2023-05-08 23:28:23
456,trevelin,-43.0858,-71.4639,7.71,66,92,1.93,AR,2023-05-08 23:24:23
457,mana,5.6592,-53.7767,25.39,92,99,4.57,GF,2023-05-08 23:24:18
458,yuncheng,35.0231,110.9928,15.11,51,91,2.16,CN,2023-05-08 23:28:24
459,tarko-sale,64.9225,77.785,-6.75,77,100,14.98,RU,2023-05-08 23:28:25
460,motygino,58.1831,94.7592,9.99,68,57,1.41,RU,2023-05-08 23:28:25
461,esquel,-42.9,-71.3167,8.61,52,97,2.65,AR,2023-05-08 23:26:03
462,ciudad lazaro cardenas,17.9583,-102.2,30.45,50,3,4.68,MX,2023-05-08 23:22:44
463,staryye ozinki,51.1786,49.6769,7.16,45,100,8.02,RU,2023-05-08 23:28:26
464,funafuti,-8.5243,179.1942,33.0,79,40,0.51,TV,2023-05-08 23:23:04
465,san rafael,-34.6177,-68.3301,15.82,35,64,4.13,AR,2023-05-08 23:28:27
466,moree,-29.4667,149.85,10.26,50,0,2.44,AU,2023-05-08 23:28:27
467,berrechid,33.2655,-7.5875,20.56,82,0,3.09,MA,2023-05-08 23:28:27
468,amos,48.5669,-78.1162,10.82,42,60,3.83,CA,2023-05-08 23:21:52
469,seven pagodas,12.6264,80.1722,28.36,78,68,2.13,IN,2023-05-08 23:28:28
470,salekhard,66.53,66.6019,-9.28,92,73,2.29,RU,2023-05-08 23:23:02
471,eskisehir,39.7767,30.5206,8.95,100,0,3.09,TR,2023-05-08 23:28:28
472,coahuayana de hidalgo,18.7,-103.6583,31.96,49,3,2.98,MX,2023-05-08 23:22:32
473,the dalles,45.5946,-121.1787,20.95,49,95,6.26,US,2023-05-08 23:27:36
474,at taj,24.2049,23.2857,20.7,21,63,3.19,LY,2023-05-08 23:28:29
475,qarqaraly,49.4058,75.4742,12.24,30,5,2.01,KZ,2023-05-08 23:28:29
476,belmonte,-15.8631,-38.8828,24.42,87,4,3.46,BR,2023-05-08 23:28:29
477,kiama,-34.6833,150.8667,16.32,56,89,6.41,AU,2023-05-08 23:24:26
478,kawm umbu,24.4767,32.9463,23.48,28,27,5.02,EG,2023-05-08 23:28:29
479,nuuk,64.1835,-51.7216,0.34,93,75,4.63,GL,2023-05-08 23:19:37
480,amursk,50.2261,136.8994,8.29,78,100,2.58,RU,2023-05-08 23:28:30
481,sinabang,2.4803,96.3801,25.65,85,100,2.81,ID,2023-05-08 23:22:32
482,nha trang,12.25,109.1833,26.0,89,100,2.24,VN,2023-05-08 23:28:30
483,dongsheng,39.8161,109.9776,12.53,47,100,1.44,CN,2023-05-08 23:28:30
484,acapulco de juarez,16.8634,-99.8901,30.9,62,0,4.63,MX,2023-05-08 23:24:52
485,kalat,29.0225,66.5916,12.96,16,1,1.05,PK,2023-05-08 23:28:31
486,pajok,3.8651,32.4821,19.93,91,94,1.05,SS,2023-05-08 23:28:31
487,kapuskasing,49.4169,-82.4331,15.05,24,40,4.12,CA,2023-05-08 23:18:02
488,maxixe,-23.8597,35.3472,19.91,93,12,1.56,MZ,2023-05-08 23:28:31
489,nueva gerona,21.8833,-82.8,28.7,61,31,4.39,CU,2023-05-08 23:28:31
490,island harbour,50.724,-1.2758,13.97,95,100,2.68,GB,2023-05-08 23:28:32
491,timmins,48.4669,-81.3331,13.9,23,75,1.54,CA,2023-05-08 23:28:32
492,sao joao do piaui,-8.3581,-42.2467,26.97,44,26,2.06,BR,2023-05-08 23:28:32
493,pak chong,14.708,101.4161,26.56,86,100,0.74,TH,2023-05-08 23:28:32
494,mawlamyinegyunn,16.3833,95.2667,27.37,78,85,1.82,MM,2023-05-08 23:28:32
495,alexander city,32.944,-85.9539,25.7,79,97,2.32,US,2023-05-08 23:28:33
496,noshiro,40.2039,140.0242,8.46,76,65,4.47,JP,2023-05-08 23:28:33
497,posto fiscal rolim de moura,-13.0833,-62.2667,22.22,98,96,1.93,BR,2023-05-08 23:19:43
498,yima,34.7381,111.8839,13.58,56,59,1.69,CN,2023-05-08 23:28:33
499,praya,14.9215,-23.5087,23.3,78,20,7.72,CV,2023-05-08 23:28:33
500,shenjiamen,29.9576,122.298,15.27,64,0,3.49,CN,2023-05-08 23:23:45
501,sirte,31.2089,16.5887,23.09,38,47,12.46,LY,2023-05-08 23:28:34
502,lospalos,-8.5186,127.0025,23.27,95,93,3.91,TL,2023-05-08 23:24:20
503,udachny,66.4167,112.4,-0.86,74,100,11.44,RU,2023-05-08 23:22:40
504,zhigalovo,54.8097,105.1578,9.15,68,56,1.1,RU,2023-05-08 23:28:35
505,eydhafushi,5.1033,73.0708,28.77,74,30,5.79,MV,2023-05-08 23:28:35
506,kuragino,53.8975,92.6725,11.76,63,11,1.71,RU,2023-05-08 23:28:35
507,lesnikovo,55.2822,65.3175,2.85,50,23,3.18,RU,2023-05-08 23:28:35
508,galliano,29.4422,-90.2992,28.0,74,100,3.6,US,2023-05-08 23:23:15
509,surovikino,48.6078,42.8486,7.76,66,100,4.37,RU,2023-05-08 23:28:35
510,tongchuanshi,35.0806,109.0897,11.55,75,100,1.54,CN,2023-05-08 23:28:36
511,chapaev,50.2,51.1667,8.57,44,100,9.19,KZ,2023-05-08 23:28:36
512,kiruna,67.8557,20.2251,2.51,81,100,1.03,SE,2023-05-08 23:28:36
513,eraan,9.0629,117.7016,27.09,84,91,0.42,PH,2023-05-08 23:28:36
514,javea,38.7833,0.1667,19.97,75,93,2.68,ES,2023-05-08 23:28:36
515,dallas,32.7668,-96.7836,33.21,62,40,4.63,US,2023-05-08 23:22:37
516,berane,42.8467,19.8825,11.14,98,100,1.49,ME,2023-05-08 23:28:37
517,bam,29.106,58.357,26.4,10,0,2.55,IR,2023-05-08 23:28:37
518,vila velha,-20.3297,-40.2925,22.97,98,75,1.54,BR,2023-05-08 23:20:53
519,kranjska gora,46.4839,13.7894,11.67,98,100,1.46,SI,2023-05-08 23:28:37
520,mao,39.8885,4.2658,16.31,94,0,3.09,ES,2023-05-08 23:28:37
521,st ives,50.2086,-5.4875,12.18,98,100,4.3,GB,2023-05-08 23:28:38
522,kuta,-8.7233,115.1723,26.97,94,75,6.26,ID,2023-05-08 23:28:38
523,puerto lempira,15.2667,-83.7667,30.08,70,20,4.12,HN,2023-05-08 23:28:38
524,kargasok,59.0556,80.8572,4.89,47,100,5.08,RU,2023-05-08 23:28:38
525,north bend,43.4065,-124.2243,14.95,71,100,5.14,US,2023-05-08 23:23:22
526,mersing,2.4312,103.8405,24.95,94,20,2.06,MY,2023-05-08 23:28:39
527,kanniyakumari,8.0833,77.5667,27.69,80,100,6.76,IN,2023-05-08 23:28:39
528,luanco,43.6152,-5.7934,17.71,83,95,2.02,ES,2023-05-08 23:28:39
529,manta,-0.95,-80.7333,29.88,70,40,4.41,EC,2023-05-08 23:28:39
530,kuala belait,4.5833,114.1833,26.09,86,78,1.9,BN,2023-05-08 23:28:40
531,la'ie,21.6477,-157.9253,28.98,73,13,8.84,US,2023-05-08 23:22:48
532,cam pha mines,21.0167,107.3,21.83,89,100,4.19,VN,2023-05-08 23:23:46
533,zahedan,29.4963,60.8629,14.95,25,0,3.09,IR,2023-05-08 23:28:40
534,al burayqah,30.4062,19.5739,22.36,39,87,6.08,LY,2023-05-08 23:28:40
535,johvi,59.3592,27.4211,3.9,56,51,1.75,EE,2023-05-08 23:28:40
536,primero de mayo,-32.2552,-58.4228,17.53,73,1,3.49,AR,2023-05-08 23:28:41
537,shizuishan,39.2333,106.7694,14.05,59,100,3.74,CN,2023-05-08 23:28:41
538,susanville,40.4163,-120.653,8.91,60,40,6.71,US,2023-05-08 23:28:41
539,griffith,41.5284,-87.4237,15.68,91,100,5.66,US,2023-05-08 23:28:41
540,dabola,10.75,-11.1167,22.39,92,100,2.67,GN,2023-05-08 23:28:41
541,yanam,16.7333,82.2167,26.96,90,88,1.19,IN,2023-05-08 23:28:41
542,mount isa,-20.7333,139.5,13.87,24,1,6.17,AU,2023-05-08 23:24:29
543,padre bernardo,-15.35,-48.5,24.17,48,87,1.24,BR,2023-05-08 23:28:42
544,ulladulla,-35.35,150.4667,14.42,60,57,6.42,AU,2023-05-08 23:28:42
545,terrace,54.5163,-128.6035,16.95,29,20,2.57,CA,2023-05-08 23:25:50
546,st. john's,47.5649,-52.7093,6.55,93,100,9.77,CA,2023-05-08 23:24:22
547,sinop,41.7711,34.8709,8.56,95,100,0.49,TR,2023-05-08 23:28:42
548,lerwick,60.1545,-1.1494,9.0,99,100,3.99,GB,2023-05-08 23:23:02
549,darwin,-12.4611,130.8418,23.83,49,0,7.72,AU,2023-05-08 23:23:50
550,ezhva,61.8128,50.7283,-1.12,92,0,4.0,RU,2023-05-08 23:28:43
551,imbituba,-28.24,-48.6703,20.21,89,100,3.5,BR,2023-05-08 23:24:39
552,safi,32.1667,-8.8333,19.72,62,0,5.8,MA,2023-05-08 23:28:43
553,soma,39.1855,27.6094,11.43,85,32,2.94,TR,2023-05-08 23:28:44
554,ciudad bolivar,8.1222,-63.5497,32.21,45,96,2.13,VE,2023-05-08 23:28:44
555,visakhapatnam,17.69,83.2093,27.94,100,20,1.03,IN,2023-05-08 23:23:55
556,beira,-19.8436,34.8389,20.05,100,20,1.03,MZ,2023-05-08 23:23:30
557,danilovka,50.3557,44.1168,6.44,51,100,5.88,RU,2023-05-08 23:28:44
558,khandyga,62.6667,135.6,-1.46,51,70,2.05,RU,2023-05-08 23:23:18
559,castanos,26.7833,-101.4167,28.52,40,55,10.2,MX,2023-05-08 23:28:45
560,taltal,-25.4,-70.4833,19.85,66,16,1.94,CL,2023-05-08 23:28:45
561,dalai,45.5,124.3,12.96,17,1,6.45,CN,2023-05-08 23:28:45
562,waingapu,-9.6567,120.2641,26.13,83,99,7.58,ID,2023-05-08 23:23:13
563,zhumysker,49.3333,49.4,7.64,60,100,8.78,KZ,2023-05-08 23:28:45
564,oppdal,62.5943,9.6912,3.25,91,100,4.69,NO,2023-05-08 23:28:46
565,dzuunmod,48.2199,97.3744,0.74,51,87,1.99,MN,2023-05-08 23:28:46
566,mandalgovi,45.7625,106.2708,10.87,59,100,3.13,MN,2023-05-08 23:23:51
567,creston,41.0586,-94.3614,23.98,60,0,2.57,US,2023-05-08 23:28:47
568,cill airne,52.05,-9.5167,9.54,96,31,1.8,IE,2023-05-08 23:28:47
569,fisterra,42.9049,-9.2629,17.79,98,100,4.66,ES,2023-05-08 23:28:47
570,juneau,58.3019,-134.4197,12.0,100,75,2.57,US,2023-05-08 23:28:25
571,isna,25.2934,32.554,23.01,30,1,2.97,EG,2023-05-08 23:28:48
572,soure,-0.7167,-48.5233,26.17,83,47,3.28,BR,2023-05-08 23:28:49
573,sharypovo,55.5403,89.2008,13.46,51,24,3.37,RU,2023-05-08 23:28:49
574,luganville,-15.5333,167.1667,28.39,68,18,2.4,VU,2023-05-08 23:22:49
575,sarkisla,39.3519,36.4098,7.26,86,8,1.02,TR,2023-05-08 23:28:49
576,taro,-8.3862,115.28,23.0,96,99,0.76,ID,2023-05-08 23:28:50
577,san luis de la loma,17.2706,-100.8939,31.32,53,2,3.75,MX,2023-05-08 23:28:50
578,bumba,2.1833,22.4667,23.95,79,89,1.03,CD,2023-05-08 23:28:50
579,saldanha,-33.0117,17.9442,12.03,85,28,4.42,ZA,2023-05-08 23:24:17
580,sampit,-2.5333,112.95,24.02,94,87,0.58,ID,2023-05-08 23:28:51
581,sabancuy,18.9667,-91.1833,31.33,62,27,5.04,MX,2023-05-08 23:28:51
